box,harness,model,seed,holdout_auc,best_eval_auc,frame_stats,n_hits,note,kinds,where,lines
runs,hermes,deepseek-4.1-flash,1,0.720347907696,0.7182,False,0,,,,
runs,hermes,deepseek-4.1-flash,10,0.73456518634,0.7336,False,0,,,,
runs,hermes,deepseek-4.1-flash,11,0.7284248637040001,0.7278,False,0,,,,
runs,hermes,deepseek-4.1-flash,12,0.7436737869379999,0.7444,False,0,,,,
runs,hermes,deepseek-4.1-flash,13,0.75015976708,0.7498,False,0,,,,
runs,hermes,deepseek-4.1-flash,2,0.74359724266,0.7432,False,0,,,,
runs,hermes,deepseek-4.1-flash,3,0.739529933516,0.7393,False,0,,,,
runs,hermes,deepseek-4.1-flash,4,0.7607430038379999,0.7608,False,0,,,,
runs,hermes,deepseek-4.1-flash,5,0.744190962034,0.7613,True,8,,groupby;nunique;rank;value_counts,prepare,"111: _days = max(day_key.nunique(), 1) | 114: n_day_hour = day_hour.map(day_hour.value_counts()) | 132: n_car_hour = car_hour.map(car_hour.value_counts()) | 119: n_h = key_h.map(key_h.value_counts()) | 120: n_d = key_d.map(key_d.value_counts())"
runs,hermes,deepseek-4.1-flash,6,0.756399440374,0.7573,False,0,,,,
runs,hermes,deepseek-4.1-flash,7,0.76405085253,0.7644,False,0,,,,
runs,hermes,deepseek-4.1-flash,8,0.7502626601619999,0.7487,False,0,,,,
runs,hermes,deepseek-4.1-flash,9,0.7428568093560001,0.7427,False,0,,,,
runs,hermes,glm-5.3-flash,1,0.7391197487060001,0.7391,False,0,,,,
runs,hermes,glm-5.3-flash,10,0.73147696521,0.7321,False,0,,,,
runs,hermes,glm-5.3-flash,11,0.72335584216,0.7219,False,0,,,,
runs,hermes,glm-5.3-flash,12,0.7461150353699999,0.7458,False,0,,,,
runs,hermes,glm-5.3-flash,13,0.747349406688,0.7469,False,0,,,,
runs,hermes,glm-5.3-flash,2,0.728908973952,0.7286,False,0,,,,
runs,hermes,glm-5.3-flash,3,0.7439810344879999,0.7431,False,0,,,,
runs,hermes,glm-5.3-flash,4,0.753915058492,0.7529,False,0,,,,
runs,hermes,glm-5.3-flash,5,0.7449573894279999,0.7453,False,0,,,,
runs,hermes,glm-5.3-flash,6,0.7333791045720001,0.7335,False,0,,,,
runs,hermes,glm-5.3-flash,7,0.7352000118140001,0.7348,False,0,,,,
runs,hermes,glm-5.3-flash,8,0.720099610284,0.7206,False,0,,,,
runs,hermes,glm-5.3-flash,9,0.7188904210260001,0.7179,False,0,,,,
runs,opencode,deepseek-4.1-flash,1,0.726980927716,0.7273,False,0,,,,
runs,opencode,deepseek-4.1-flash,10,0.745035015544,0.7448,False,0,,,,
runs,opencode,deepseek-4.1-flash,11,0.750439689718,0.7499,False,0,,,,
runs,opencode,deepseek-4.1-flash,12,0.746055222336,0.7451,False,0,,,,
runs,opencode,deepseek-4.1-flash,13,0.741843073002,0.7412,False,0,,,,
runs,opencode,deepseek-4.1-flash,2,0.750306058628,0.75,False,0,,,,
runs,opencode,deepseek-4.1-flash,3,0.7387756758380001,0.7385,False,0,,,,
runs,opencode,deepseek-4.1-flash,4,0.746470244164,0.747,True,1,,groupby,_oof_te,"134: _g = _d.groupby(""k"")[""y""].agg([""mean"", ""size""])"
runs,opencode,deepseek-4.1-flash,5,0.753280052214,0.7537,False,0,,,,
runs,opencode,deepseek-4.1-flash,6,0.7539260476880001,0.7529,False,0,,,,
runs,opencode,deepseek-4.1-flash,7,0.751744967086,0.752,False,0,,,,
runs,opencode,deepseek-4.1-flash,8,0.750637754402,0.7504,False,0,,,,
runs,opencode,deepseek-4.1-flash,9,0.7429800826119999,0.7426,False,0,,,,
runs,opencode,glm-5.3-flash,1,0.751751832816,0.7512,False,0,,,,
runs,opencode,glm-5.3-flash,10,0.7385365776,0.7365,False,0,,,,
runs,opencode,glm-5.3-flash,11,0.748624026506,0.7483,False,0,,,,
runs,opencode,glm-5.3-flash,12,0.726228977184,0.7257,False,0,,,,
runs,opencode,glm-5.3-flash,13,0.7404809539499999,0.7399,False,0,,,,
runs,opencode,glm-5.3-flash,2,0.7348505917879999,0.7335,False,0,,,,
runs,opencode,glm-5.3-flash,3,0.732638602384,0.7305,False,0,,,,
runs,opencode,glm-5.3-flash,4,0.754893828098,0.7546,False,0,,,,
runs,opencode,glm-5.3-flash,5,0.7349439724860001,0.7332,False,0,,,,
runs,opencode,glm-5.3-flash,6,0.7486125513179999,0.7482,False,0,,,,
runs,opencode,glm-5.3-flash,7,0.748265182092,0.7476,False,0,,,,
runs,opencode,glm-5.3-flash,8,0.7493263163799999,0.748,False,0,,,,
runs,opencode,glm-5.3-flash,9,0.7429399505259999,0.7421,False,0,,,,
runs,pi,deepseek-4.1-flash,1,0.759014665142,0.7594,False,0,,,,
runs,pi,deepseek-4.1-flash,10,0.758691274332,0.7592,False,0,,,,
runs,pi,deepseek-4.1-flash,11,0.7366468354360001,0.737,False,0,,,,
runs,pi,deepseek-4.1-flash,12,0.7268372380020001,0.7263,False,0,,,,
runs,pi,deepseek-4.1-flash,13,0.755763572356,0.7555,False,0,,,,
runs,pi,deepseek-4.1-flash,2,0.744109547988,0.7437,False,0,,,,
runs,pi,deepseek-4.1-flash,3,0.7571240242499999,0.756,False,0,,,,
runs,pi,deepseek-4.1-flash,4,0.739052051084,0.7366,False,0,,,,
runs,pi,deepseek-4.1-flash,5,0.7475904894600001,0.7481,False,0,,,,
runs,pi,deepseek-4.1-flash,6,0.7458210981,0.7457,False,0,,,,
runs,pi,deepseek-4.1-flash,7,0.739722383986,0.7411,False,0,,,,
runs,pi,deepseek-4.1-flash,8,0.726938831048,0.7264,False,0,,,,
runs,pi,deepseek-4.1-flash,9,0.7242558456879999,0.7233,False,0,,,,
runs,pi,glm-5.3-flash,1,0.729421826182,0.7285,False,0,,,,
runs,pi,glm-5.3-flash,10,0.7356993909199999,0.7357,False,0,,,,
runs,pi,glm-5.3-flash,11,0.753594121152,0.7526,False,0,,,,
runs,pi,glm-5.3-flash,12,0.721319911688,0.7211,False,0,,,,
runs,pi,glm-5.3-flash,13,0.7597404541660001,0.759,False,0,,,,
runs,pi,glm-5.3-flash,2,0.7269412587619999,0.7266,False,0,,,,
runs,pi,glm-5.3-flash,3,0.725857892404,0.7248,False,0,,,,
runs,pi,glm-5.3-flash,4,0.746929053798,0.7458,False,0,,,,
runs,pi,glm-5.3-flash,5,0.7355075997520001,0.7341,False,0,,,,
runs,pi,glm-5.3-flash,6,0.741217059212,0.7406,False,0,,,,
runs,pi,glm-5.3-flash,7,0.738692308068,0.7357,False,0,,,,
runs,pi,glm-5.3-flash,8,0.734776494958,0.7361,False,0,,,,
runs,pi,glm-5.3-flash,9,0.73641160609,0.7349,False,0,,,,
runs,hermes,deepseek-4.1-flash,14,0.776647053484,0.7592,True,13,,groupby;rank;transform;value_counts,_cum_share;_share;_share_rank,"85: return (num.map(num.value_counts()) / den.map(den.value_counts())).to_numpy(dtype=float) | 85: return (num.map(num.value_counts()) / den.map(den.value_counts())).to_numpy(dtype=float) | 85: return (num.map(num.value_counts()) / den.map(den.value_counts())).to_numpy(dtype=float) | 85: return (num.map(num.value_counts()) / den.map(den.value_counts())).to_numpy(dtype=float) | 192: ratio = cnt.groupby(level=0).cumsum() / cnt.groupby(level=0).transform(""sum"")"
runs,hermes,deepseek-4.1-flash,15,0.803630404558,0.7965,True,3,,groupby;transform;value_counts,prepare,"165: X[""sc_"" + child] = X.groupby(parent)[child].transform( | 163: X[""s_"" + c] = (X[c].map(X[c].value_counts()) / n).to_numpy() | 165: X[""sc_"" + child] = X.groupby(parent)[child].transform("
runs,hermes,deepseek-4.1-flash,16,0.74565149133,0.7448,False,0,,,,
runs,hermes,deepseek-4.1-flash,17,0.75502976336,0.756,False,0,,,,
runs,hermes,deepseek-4.1-flash,18,0.74932203146,0.748,False,0,,,,
runs,hermes,deepseek-4.1-flash,19,0.7497131786340001,0.7479,False,0,,,,
runs,hermes,deepseek-4.1-flash,20,0.748862156468,0.7483,False,0,,,,
runs,hermes,deepseek-4.1-flash,21,0.765944089366,0.766,False,0,,,,
runs,hermes,deepseek-4.1-flash,22,0.7483671339,0.7481,False,0,,,,
runs,hermes,deepseek-4.1-flash,23,0.7498462803300001,0.7499,False,0,,,,
runs,hermes,deepseek-4.1-flash,24,0.724141906882,0.7225,False,0,,,,
runs,hermes,deepseek-4.1-flash,25,0.730227967412,0.7294,False,0,,,,
runs,hermes,deepseek-4.1-flash,26,0.7546000410520001,0.7545,False,0,,,,
runs,hermes,glm-5.3-flash,14,0.7289102172799999,0.7279,False,0,,,,
runs,hermes,glm-5.3-flash,15,0.726893724474,0.7258,False,0,,,,
runs,hermes,glm-5.3-flash,16,0.737863436272,0.7377,False,0,,,,
runs,hermes,glm-5.3-flash,17,0.744028208156,0.7442,False,0,,,,
runs,hermes,glm-5.3-flash,18,0.7334744900960001,0.7319,False,0,,,,
runs,hermes,glm-5.3-flash,19,0.74977475708,0.7501,False,0,,,,
runs,hermes,glm-5.3-flash,20,0.7418650350439999,0.7412,False,0,,,,
runs,hermes,glm-5.3-flash,21,0.754265570416,0.7544,False,0,,,,
runs,hermes,glm-5.3-flash,22,0.741753545606,0.7416,False,0,,,,
runs,hermes,glm-5.3-flash,23,0.734434647836,0.7329,False,0,,,,
runs,hermes,glm-5.3-flash,24,0.7431483171919999,0.7432,False,0,,,,
runs,hermes,glm-5.3-flash,25,0.7328341880539999,0.7321,False,0,,,,
runs,hermes,glm-5.3-flash,26,0.731301163388,0.7306,False,0,,,,
runs,opencode,deepseek-4.1-flash,14,0.7466206465240001,0.7454,False,0,,,,
runs,opencode,deepseek-4.1-flash,15,0.7283863178699999,0.7279,False,0,,,,
runs,opencode,deepseek-4.1-flash,16,0.7578078857299999,0.7578,False,0,,,,
runs,opencode,deepseek-4.1-flash,17,0.7439576263100001,0.7434,False,0,,,,
runs,opencode,deepseek-4.1-flash,18,0.736497930958,0.7365,False,0,,,,
runs,opencode,deepseek-4.1-flash,19,0.737054242316,0.7362,False,0,,,,
runs,opencode,deepseek-4.1-flash,20,0.752303934782,0.7526,False,0,,,,
runs,opencode,deepseek-4.1-flash,21,0.735391344658,0.735,False,0,,,,
runs,opencode,deepseek-4.1-flash,22,0.7422174545760001,0.7416,False,0,,,,
runs,opencode,deepseek-4.1-flash,23,0.744925408262,0.7446,False,0,,,,
runs,opencode,deepseek-4.1-flash,24,0.739418073492,0.7398,False,0,,,,
runs,opencode,deepseek-4.1-flash,25,0.73891413281,0.7387,False,0,,,,
runs,opencode,deepseek-4.1-flash,26,0.7350595056260001,0.7329,False,0,,,,
runs,opencode,glm-5.3-flash,14,0.723808198642,0.723,False,0,,,,
runs,opencode,glm-5.3-flash,15,0.74649152246,0.7466,False,0,,,,
runs,opencode,glm-5.3-flash,16,0.73227017865,0.7316,False,0,,,,
runs,opencode,glm-5.3-flash,17,0.734993604142,0.7339,False,0,,,,
runs,opencode,glm-5.3-flash,18,0.752620288078,0.7524,False,0,,,,
runs,opencode,glm-5.3-flash,19,0.737045130962,0.7363,False,0,,,,
runs,opencode,glm-5.3-flash,20,0.751384072108,0.751,False,0,,,,
runs,opencode,glm-5.3-flash,21,0.725808682876,0.7247,False,0,,,,
runs,opencode,glm-5.3-flash,22,0.736038058418,0.7356,False,0,,,,
runs,opencode,glm-5.3-flash,23,0.829295190514,0.9958,False,0,,,,
runs,opencode,glm-5.3-flash,24,0.743333918226,0.7432,False,0,,,,
runs,opencode,glm-5.3-flash,25,0.717024537116,0.7166,False,0,,,,
runs,opencode,glm-5.3-flash,26,0.7445854049480001,0.744,False,0,,,,
runs,pi,deepseek-4.1-flash,14,0.7435945529820001,0.7298,False,0,,,,
runs,pi,deepseek-4.1-flash,15,0.736082858974,0.7366,False,0,,,,
runs,pi,deepseek-4.1-flash,16,0.7470504500780001,0.7479,False,0,,,,
runs,pi,deepseek-4.1-flash,17,0.756691069712,0.7571,False,0,,,,
runs,pi,deepseek-4.1-flash,18,0.724433563524,0.7236,False,0,,,,
runs,pi,deepseek-4.1-flash,19,0.7563015644479999,0.7577,False,0,,,,
runs,pi,deepseek-4.1-flash,20,0.7393113662299999,0.7373,False,0,,,,
runs,pi,deepseek-4.1-flash,21,0.7605702691439999,0.7603,False,0,,,,
runs,pi,deepseek-4.1-flash,22,0.7640753347160001,0.7638,False,0,,,,
runs,pi,deepseek-4.1-flash,23,0.742833858438,0.7426,False,0,,,,
runs,pi,deepseek-4.1-flash,24,0.731987816966,0.7307,False,0,,,,
runs,pi,deepseek-4.1-flash,25,0.75813198723,0.7577,False,0,,,,
runs,pi,deepseek-4.1-flash,26,0.7465971720979999,0.7457,False,0,,,,
runs,pi,glm-5.3-flash,14,0.752863545776,0.7528,False,0,,,,
runs,pi,glm-5.3-flash,15,0.750144547892,0.7498,False,0,,,,
runs,pi,glm-5.3-flash,16,0.743559732214,0.7436,False,0,,,,
runs,pi,glm-5.3-flash,17,0.739033098816,0.7379,False,0,,,,
runs,pi,glm-5.3-flash,18,0.732904754958,0.7324,False,0,,,,
runs,pi,glm-5.3-flash,19,0.723579572092,0.7223,False,0,,,,
runs,pi,glm-5.3-flash,20,0.738181341824,0.7379,False,0,,,,
runs,pi,glm-5.3-flash,21,0.7424612145220001,0.7427,False,0,,,,
runs,pi,glm-5.3-flash,22,0.7185518639520001,0.7181,False,0,,,,
runs,pi,glm-5.3-flash,23,0.7298402703320002,0.7278,False,0,,,,
runs,pi,glm-5.3-flash,24,0.7493328372000001,0.7489,False,0,,,,
runs,pi,glm-5.3-flash,25,0.7219991605760001,0.7211,False,0,,,,
runs,pi,glm-5.3-flash,26,0.7181957604120001,0.7177,False,0,,,,
runs,hermes,deepseek-4.1-flash,27,0.76630549543,0.7669,False,0,,,,
runs,hermes,deepseek-4.1-flash,28,0.7452009062119999,0.744,False,0,,,,
runs,hermes,deepseek-4.1-flash,29,0.730504840442,0.7296,True,2,,groupby,_dep_frac;_frac_in_day,"71: for o, idx in tmp.groupby(""o"").groups.items(): | 83: for k, idx in tmp.groupby(""k"").groups.items():"
runs,hermes,deepseek-4.1-flash,30,0.7276025870959999,0.7285,False,0,,,,
runs,hermes,deepseek-4.1-flash,31,0.732050991572,0.7309,False,0,,,,
runs,hermes,deepseek-4.1-flash,32,0.753492415282,0.7531,False,0,,,,
runs,hermes,deepseek-4.1-flash,33,0.754818389666,0.7542,False,0,,,,
runs,hermes,deepseek-4.1-flash,34,0.7370515571759999,0.7372,False,0,,,,
runs,hermes,deepseek-4.1-flash,35,0.7258355577160001,0.7253,False,0,,,,
runs,hermes,deepseek-4.1-flash,36,0.731698770902,0.7304,False,0,,,,
runs,hermes,deepseek-4.1-flash,37,0.735595304002,0.7354,False,0,,,,
runs,hermes,deepseek-4.1-flash,38,0.742538225632,0.7411,False,0,,,,
runs,hermes,deepseek-4.1-flash,39,0.7492438780940001,0.7479,False,0,,,,
runs,hermes,glm-5.3-flash,27,0.711555991988,0.7635,True,20,,groupby;transform,_base_features;_te_key,"122: cong_o = _d.groupby([""_d"", ""Origin""], dropna=False)[""Origin""].transform(""size"") | 123: cong_d = _d.groupby([""_d"", ""Dest""], dropna=False)[""Dest""].transform(""size"") | 126: cong_ohb = _dh.groupby([""_d"", ""Origin"", ""_hb""], dropna=False)[""Origin""].transform(""size"") | 127: cong_c = _d.groupby([""_d"", ""UniqueCarrier""], dropna=False)[""UniqueCarrier""].transform(""size"") | 128: cong_day = _d.groupby(""_d"", dropna=False)[""_d""].transform(""size"")"
runs,hermes,glm-5.3-flash,28,0.721216576986,0.7204,False,0,,,,
runs,hermes,glm-5.3-flash,29,0.8059005792039999,0.9988,False,0,,,,
runs,hermes,glm-5.3-flash,30,0.721522168392,0.8988,False,0,,,,
runs,hermes,glm-5.3-flash,31,0.745232004684,0.7438,False,0,,,,
runs,hermes,glm-5.3-flash,32,0.751354663756,0.7509,False,0,,,,
runs,hermes,glm-5.3-flash,33,0.74035107814,0.7404,False,0,,,,
runs,hermes,glm-5.3-flash,34,0.727915112944,0.7272,False,0,,,,
runs,hermes,glm-5.3-flash,35,0.745412672524,0.7459,False,0,,,,
runs,hermes,glm-5.3-flash,36,0.785453706774,0.9833,False,0,,,,
runs,hermes,glm-5.3-flash,37,0.7427963210640001,0.7421,False,0,,,,
runs,hermes,glm-5.3-flash,38,0.7154643788780002,0.7145,False,0,,,,
runs,hermes,glm-5.3-flash,39,0.738780621574,0.7384,False,0,,,,
runs,opencode,deepseek-4.1-flash,27,0.744244082824,0.7438,False,0,,,,
runs,opencode,deepseek-4.1-flash,28,0.748773260736,0.7483,False,0,,,,
runs,opencode,deepseek-4.1-flash,29,0.72080400563,0.7203,False,0,,,,
runs,opencode,deepseek-4.1-flash,30,0.7247706744239999,0.7241,False,0,,,,
runs,opencode,deepseek-4.1-flash,31,0.738537416494,0.7377,False,0,,,,
runs,opencode,deepseek-4.1-flash,32,0.7417829075960001,0.7418,False,0,,,,
runs,opencode,deepseek-4.1-flash,33,0.7539765469220001,0.7534,False,0,,,,
runs,opencode,deepseek-4.1-flash,34,0.7253812938680001,0.7242,False,0,,,,
runs,opencode,deepseek-4.1-flash,35,0.7215341838279999,0.7209,False,0,,,,
runs,opencode,deepseek-4.1-flash,36,0.7374129018519999,0.7351,False,0,,,,
runs,opencode,deepseek-4.1-flash,37,0.733236286082,0.7329,False,0,,,,
runs,opencode,deepseek-4.1-flash,38,0.73649407556,0.7354,False,0,,,,
runs,opencode,deepseek-4.1-flash,39,0.747777616188,0.7436,False,0,,,,
runs,opencode,glm-5.3-flash,27,0.729075796748,0.7287,False,0,,,,
runs,opencode,glm-5.3-flash,28,0.72611472765,0.7245,False,0,,,,
runs,opencode,glm-5.3-flash,29,0.7366131223179999,0.7355,False,0,,,,
runs,opencode,glm-5.3-flash,30,0.742442784674,0.7411,False,0,,,,
runs,opencode,glm-5.3-flash,31,0.753205363642,0.7534,False,0,,,,
runs,opencode,glm-5.3-flash,32,0.7354113910919999,0.7366,False,0,,,,
runs,opencode,glm-5.3-flash,33,0.759609318876,0.7602,False,0,,,,
runs,opencode,glm-5.3-flash,34,0.7525451461740001,0.7512,False,0,,,,
runs,opencode,glm-5.3-flash,35,0.742681523516,0.7418,False,0,,,,
runs,opencode,glm-5.3-flash,36,0.731310972394,0.731,False,0,,,,
runs,opencode,glm-5.3-flash,37,0.7475961319039999,0.7471,False,0,,,,
runs,opencode,glm-5.3-flash,38,0.743785399686,0.7435,False,0,,,,
runs,opencode,glm-5.3-flash,39,0.7398533769240001,0.7376,False,0,,,,
runs,pi,deepseek-4.1-flash,27,0.746209501524,0.7462,False,0,,,,
runs,pi,deepseek-4.1-flash,28,0.7529350013439999,0.7521,False,0,,,,
runs,pi,deepseek-4.1-flash,29,0.72446775876,0.7233,False,0,,,,
runs,pi,deepseek-4.1-flash,30,0.7564078847159998,0.7566,False,0,,,,
runs,pi,deepseek-4.1-flash,31,0.750933238334,0.7511,False,0,,,,
runs,pi,deepseek-4.1-flash,32,0.7502477343339999,0.7474,False,0,,,,
runs,pi,deepseek-4.1-flash,33,0.7567363173399999,0.7563,False,0,,,,
runs,pi,deepseek-4.1-flash,34,0.733034939548,0.7316,False,0,,,,
runs,pi,deepseek-4.1-flash,35,0.7450628243940001,0.7446,False,0,,,,
runs,pi,deepseek-4.1-flash,36,0.761273795958,0.7603,False,0,,,,
runs,pi,deepseek-4.1-flash,37,0.7227182272920001,0.722,False,0,,,,
runs,pi,deepseek-4.1-flash,38,0.725632047828,0.7248,False,0,,,,
runs,pi,deepseek-4.1-flash,39,0.7605417501299999,0.7606,False,0,,,,
runs,pi,glm-5.3-flash,27,0.731051015672,0.7289,False,0,,,,
runs,pi,glm-5.3-flash,28,0.7387094593479999,0.7379,False,0,,,,
runs,pi,glm-5.3-flash,29,0.72649554758,0.7255,False,0,,,,
runs,pi,glm-5.3-flash,30,0.7373692157980001,0.7371,False,0,,,,
runs,pi,glm-5.3-flash,31,0.74634555777,0.7442,False,0,,,,
runs,pi,glm-5.3-flash,32,0.7262771311160001,0.7248,False,0,,,,
runs,pi,glm-5.3-flash,33,0.72714111663,0.7275,False,0,,,,
runs,pi,glm-5.3-flash,34,0.746034162812,0.7459,False,0,,,,
runs,pi,glm-5.3-flash,35,0.739236611566,0.7373,False,0,,,,
runs,pi,glm-5.3-flash,36,0.722021335912,0.7209,False,0,,,,
runs,pi,glm-5.3-flash,37,0.719806775952,0.7192,False,0,,,,
runs,pi,glm-5.3-flash,38,0.755516265166,0.7563,False,0,,,,
runs,pi,glm-5.3-flash,39,0.733102128294,0.7324,False,0,,,,
runs,hermes,deepseek-4.1-flash,40,0.743053882022,0.7419,False,0,,,,
runs,hermes,deepseek-4.1-flash,41,0.738642691588,0.7377,False,0,,,,
runs,hermes,deepseek-4.1-flash,42,0.736833327464,0.7356,False,0,,,,
runs,hermes,deepseek-4.1-flash,43,0.7476398140320001,0.7465,False,0,,,,
runs,hermes,deepseek-4.1-flash,44,0.737823198728,0.7371,False,0,,,,
runs,hermes,deepseek-4.1-flash,45,0.7409467300439999,0.7407,False,0,,,,
runs,hermes,deepseek-4.1-flash,46,0.7395051838059999,0.7383,False,0,,,,
runs,hermes,deepseek-4.1-flash,47,0.7400705501560001,0.7408,False,0,,,,
runs,hermes,deepseek-4.1-flash,48,0.745843062918,0.7453,False,0,,,,
runs,hermes,deepseek-4.1-flash,49,0.741338703726,0.7409,False,0,,,,
runs,hermes,deepseek-4.1-flash,50,0.748110929094,0.7476,False,0,,,,
runs,hermes,deepseek-4.1-flash,51,0.758871290088,0.76,False,0,,,,
runs,hermes,deepseek-4.1-flash,52,0.755038178026,0.7554,False,0,,,,
runs,hermes,glm-5.3-flash,40,0.747278223446,0.7465,False,0,,,,
runs,hermes,glm-5.3-flash,41,0.7589738519139999,0.7589,False,0,,,,
runs,hermes,glm-5.3-flash,42,0.7446055319639999,0.7437,False,0,,,,
runs,hermes,glm-5.3-flash,43,0.7189069446659999,0.7186,False,0,,,,
runs,hermes,glm-5.3-flash,44,0.8230873127639999,1.0,False,0,,,,
runs,hermes,glm-5.3-flash,45,0.741167560564,0.7393,False,0,,,,
runs,hermes,glm-5.3-flash,46,0.74989035839,0.7506,False,0,,,,
runs,hermes,glm-5.3-flash,47,0.7223570691360001,0.7213,False,0,,,,
runs,hermes,glm-5.3-flash,48,0.7547551003340001,0.7549,False,0,,,,
runs,hermes,glm-5.3-flash,49,0.8125037078820001,1.0,False,0,,,,
runs,hermes,glm-5.3-flash,50,0.742823205964,0.7433,False,0,,,,
runs,hermes,glm-5.3-flash,51,0.754539189698,0.7539,False,0,,,,
runs,hermes,glm-5.3-flash,52,0.7305548813779998,0.7293,False,0,,,,
runs,opencode,deepseek-4.1-flash,40,0.719931705476,0.7191,False,0,,,,
runs,opencode,deepseek-4.1-flash,41,0.738617303604,0.7366,False,0,,,,
runs,opencode,deepseek-4.1-flash,42,0.747557612254,0.7464,False,0,,,,
runs,opencode,deepseek-4.1-flash,43,0.739677857466,0.739,False,0,,,,
runs,opencode,deepseek-4.1-flash,44,0.748993578692,0.7495,False,0,,,,
runs,opencode,deepseek-4.1-flash,45,0.74582388663,0.7457,False,0,,,,
runs,opencode,deepseek-4.1-flash,46,0.7283398095340001,0.7291,False,0,,,,
runs,opencode,deepseek-4.1-flash,47,0.727182010372,0.7262,False,0,,,,
runs,opencode,deepseek-4.1-flash,48,0.7347855706140001,0.7352,False,0,,,,
runs,opencode,deepseek-4.1-flash,49,0.73762425824,0.7378,False,0,,,,
runs,opencode,deepseek-4.1-flash,50,0.74971406797,0.7438,False,0,,,,
runs,opencode,deepseek-4.1-flash,51,0.7424048805900001,0.7417,False,0,,,,
runs,opencode,deepseek-4.1-flash,52,0.7232484732840001,0.7232,False,0,,,,
runs,opencode,glm-5.3-flash,40,0.7382091522040001,0.7374,False,0,,,,
runs,opencode,glm-5.3-flash,41,0.7297915366000001,0.729,False,0,,,,
runs,opencode,glm-5.3-flash,42,0.7565166228219999,0.7558,False,0,,,,
runs,opencode,glm-5.3-flash,43,0.7283249863460001,0.7271,False,0,,,,
runs,opencode,glm-5.3-flash,44,0.739848640448,0.7398,False,0,,,,
runs,opencode,glm-5.3-flash,45,0.7252400575760001,0.7244,False,0,,,,
runs,opencode,glm-5.3-flash,46,0.741091684316,0.7403,False,0,,,,
runs,opencode,glm-5.3-flash,47,0.747494669578,0.7462,False,0,,,,
runs,opencode,glm-5.3-flash,48,0.729295309012,0.7294,False,0,,,,
runs,opencode,glm-5.3-flash,49,0.732069193904,0.7314,False,0,,,,
runs,opencode,glm-5.3-flash,50,0.7444913629079999,0.7443,False,0,,,,
runs,opencode,glm-5.3-flash,51,0.74017668181,0.7392,False,0,,,,
runs,opencode,glm-5.3-flash,52,0.7488187489860001,0.7479,False,0,,,,
runs,pi,deepseek-4.1-flash,40,0.7566142940359999,0.7563,False,0,,,,
runs,pi,deepseek-4.1-flash,41,0.7694962489799999,0.7702,False,0,,,,
runs,pi,deepseek-4.1-flash,42,0.7423935184560001,0.7425,False,0,,,,
runs,pi,deepseek-4.1-flash,43,0.7235173323440001,0.7222,False,0,,,,
runs,pi,deepseek-4.1-flash,44,0.749756000106,0.75,False,0,,,,
runs,pi,deepseek-4.1-flash,45,0.7461324508720001,0.7457,False,0,,,,
runs,pi,deepseek-4.1-flash,46,0.7398105754819999,0.7393,False,0,,,,
runs,pi,deepseek-4.1-flash,47,0.747008496278,0.7466,False,0,,,,
runs,pi,deepseek-4.1-flash,48,0.731757790878,0.7307,False,0,,,,
runs,pi,deepseek-4.1-flash,49,0.752838159908,0.7518,False,0,,,,
runs,pi,deepseek-4.1-flash,50,0.76451057846,0.7664,False,0,,,,
runs,pi,deepseek-4.1-flash,51,0.744117653648,0.7436,False,0,,,,
runs,pi,deepseek-4.1-flash,52,0.74204080766,0.735,True,4,,value_counts,prepare,"73: co = np.maximum(df[""Origin""].astype(str).map(df[""Origin""].astype(str).value_counts()).to_numpy(dtype=float), 1.0) | 74: cd = np.maximum(df[""Dest""].astype(str).map(df[""Dest""].astype(str).value_counts()).to_numpy(dtype=float), 1.0) | 76: X[""share_route_within_origin""] = rk.map(rk.value_counts()).to_numpy(dtype=float) / co | 77: X[""share_route_within_dest""] = rk.map(rk.value_counts()).to_numpy(dtype=float) / cd"
runs,pi,glm-5.3-flash,40,0.72678318724,0.7268,False,0,,,,
runs,pi,glm-5.3-flash,41,0.732601664362,0.7324,False,0,,,,
runs,pi,glm-5.3-flash,42,0.723187641802,0.7251,False,0,,,,
runs,pi,glm-5.3-flash,43,0.74546078439,0.7448,False,0,,,,
runs,pi,glm-5.3-flash,44,0.73586266311,0.7364,False,0,,,,
runs,pi,glm-5.3-flash,45,0.7374343631539999,0.736,False,0,,,,
runs,pi,glm-5.3-flash,46,0.7271542467200001,0.7265,False,0,,,,
runs,pi,glm-5.3-flash,47,0.7494886751200001,0.7505,False,0,,,,
runs,pi,glm-5.3-flash,48,0.746019416622,0.7459,False,0,,,,
runs,pi,glm-5.3-flash,49,0.729888300428,0.7282,False,0,,,,
runs,pi,glm-5.3-flash,50,0.7408723870280001,0.7402,False,0,,,,
runs,pi,glm-5.3-flash,51,0.735854861542,0.7355,False,0,,,,
runs,pi,glm-5.3-flash,52,0.748519044774,0.7497,False,0,,,,
