study,box,harness,model,seed,compliant,holdout_auc,auc_2006_rescored,auc_2007,seconds,error
study2,var1,hermes,deepseek-4.1-flash,1,True,0.720347907696,0.720348,0.704562,10,
study2,var1,hermes,deepseek-4.1-flash,5,False,0.744190962034,0.743496,0.728591,61,
study2,var1,hermes,deepseek-4.1-flash,4,True,0.7607430038379999,0.760699,0.726226,113,
study2,var1,hermes,deepseek-4.1-flash,2,True,0.74359724266,0.743327,0.731390,125,
study2,var1,hermes,deepseek-4.1-flash,3,True,0.739529933516,0.739559,0.732480,204,
study2,var1,hermes,deepseek-4.1-flash,6,True,0.756399440374,0.756438,0.726168,186,
study2,var1,hermes,deepseek-4.1-flash,8,True,0.7502626601619999,0.750295,0.716598,166,
study2,var1,hermes,deepseek-4.1-flash,11,True,0.7284248637040001,0.728064,0.717142,29,
study2,var1,hermes,deepseek-4.1-flash,9,True,0.7428568093560001,0.742905,0.727061,150,
study2,var1,hermes,deepseek-4.1-flash,10,True,0.73456518634,0.733421,0.710386,116,
study2,var1,hermes,deepseek-4.1-flash,7,True,0.76405085253,0.764063,0.730749,265,
study2,var2,hermes,deepseek-4.1-flash,15,False,0.803630404558,0.803859,0.783073,76,
study2,var2,hermes,deepseek-4.1-flash,14,False,0.776647053484,0.776197,0.773599,107,
study2,var1,hermes,deepseek-4.1-flash,13,True,0.75015976708,0.750231,0.736916,150,
study2,var1,hermes,deepseek-4.1-flash,12,True,0.7436737869379999,0.742946,0.729339,246,
study2,var2,hermes,deepseek-4.1-flash,17,True,0.75502976336,0.754940,0.735684,132,
study2,var2,hermes,deepseek-4.1-flash,18,True,0.74932203146,0.749272,0.718062,114,
study2,var2,hermes,deepseek-4.1-flash,16,True,0.74565149133,0.745543,0.728393,213,
study2,var2,hermes,deepseek-4.1-flash,21,True,0.765944089366,0.766045,0.739280,71,
study2,var2,hermes,deepseek-4.1-flash,19,True,0.7497131786340001,0.749613,0.732659,137,
study2,var2,hermes,deepseek-4.1-flash,24,True,0.724141906882,0.723999,0.726303,106,
study2,var2,hermes,deepseek-4.1-flash,20,True,0.748862156468,0.748964,0.733405,281,
study2,var2,hermes,deepseek-4.1-flash,22,True,0.7483671339,0.748130,0.732855,233,
study2,var2,hermes,deepseek-4.1-flash,23,True,0.7498462803300001,0.749502,0.732825,256,
study2,var2,hermes,deepseek-4.1-flash,25,True,0.730227967412,0.730107,0.729184,166,
study2,var3,hermes,deepseek-4.1-flash,27,True,0.76630549543,0.764528,0.729772,128,
study2,var2,hermes,deepseek-4.1-flash,26,True,0.7546000410520001,0.754376,0.720003,139,
study2,var3,hermes,deepseek-4.1-flash,29,True,0.730504840442,0.730479,0.719147,89,
study2,var3,hermes,deepseek-4.1-flash,30,True,0.7276025870959999,0.727771,0.725308,53,
study2,var3,hermes,deepseek-4.1-flash,33,True,0.754818389666,0.754190,0.725225,127,
study2,var3,hermes,deepseek-4.1-flash,28,True,0.7452009062119999,0.744804,0.721216,307,
study2,var3,hermes,deepseek-4.1-flash,31,True,0.732050991572,0.732051,0.724847,234,
study2,var3,hermes,deepseek-4.1-flash,34,True,0.7370515571759999,0.736967,0.725054,79,
study2,var3,hermes,deepseek-4.1-flash,32,True,0.753492415282,0.753701,0.731962,262,
study2,var3,hermes,deepseek-4.1-flash,36,True,0.731698770902,0.731511,0.730018,94,
study2,var3,hermes,deepseek-4.1-flash,35,True,0.7258355577160001,0.725599,0.725579,137,
study2,var3,hermes,deepseek-4.1-flash,39,True,0.7492438780940001,0.749168,0.724431,159,
study2,var3,hermes,deepseek-4.1-flash,38,True,0.742538225632,0.742610,0.730346,198,
study2,var4,hermes,deepseek-4.1-flash,40,True,0.743053882022,0.742952,0.711095,198,
study2,var3,hermes,deepseek-4.1-flash,37,True,0.735595304002,0.735791,0.727600,354,
study2,var4,hermes,deepseek-4.1-flash,42,True,0.736833327464,0.736800,0.729272,133,
study2,var4,hermes,deepseek-4.1-flash,43,True,0.7476398140320001,0.747393,0.727765,107,
study2,var4,hermes,deepseek-4.1-flash,41,True,0.738642691588,0.738256,0.714935,188,
study2,var4,hermes,deepseek-4.1-flash,47,True,0.7400705501560001,0.740154,0.719527,43,
study2,var4,hermes,deepseek-4.1-flash,45,True,0.7409467300439999,0.740727,0.725529,98,
study2,var4,hermes,deepseek-4.1-flash,48,True,0.745843062918,0.745537,0.726303,42,
study2,var4,hermes,deepseek-4.1-flash,49,True,0.741338703726,0.740602,0.711113,76,
study2,var4,hermes,deepseek-4.1-flash,46,True,0.7395051838059999,0.739597,0.727256,141,
study2,var4,hermes,deepseek-4.1-flash,44,True,0.737823198728,0.738527,0.731701,209,
study2,var1,hermes,glm-5.3-flash,1,True,0.7391197487060001,0.738767,0.725622,63,
study2,var4,hermes,deepseek-4.1-flash,51,True,0.758871290088,0.758834,0.726068,182,
study2,var1,hermes,glm-5.3-flash,2,True,0.728908973952,0.728575,0.721783,101,
study2,var4,hermes,deepseek-4.1-flash,50,True,0.748110929094,0.748262,0.724805,225,
study2,var4,hermes,deepseek-4.1-flash,52,True,0.755038178026,0.754815,0.735434,234,
study2,var1,hermes,glm-5.3-flash,3,True,0.7439810344879999,0.743750,0.720446,98,
study2,var1,hermes,glm-5.3-flash,6,True,0.7333791045720001,0.733319,0.727244,68,
study2,var1,hermes,glm-5.3-flash,8,True,0.720099610284,0.720427,0.718602,10,
study2,var1,hermes,glm-5.3-flash,9,True,0.7188904210260001,0.718739,0.721885,18,
study2,var1,hermes,glm-5.3-flash,4,True,0.753915058492,0.752835,0.731143,208,
study2,var1,hermes,glm-5.3-flash,5,True,0.7449573894279999,0.745007,0.731856,238,
study2,var1,hermes,glm-5.3-flash,11,True,0.72335584216,0.723427,0.723508,49,
study2,var1,hermes,glm-5.3-flash,7,True,0.7352000118140001,0.736345,0.725008,180,
study2,var1,hermes,glm-5.3-flash,10,True,0.73147696521,0.731217,0.723259,176,
study2,var1,hermes,glm-5.3-flash,12,True,0.7461150353699999,0.746042,0.728242,206,
study2,var1,hermes,glm-5.3-flash,13,True,0.747349406688,0.747396,0.726236,226,
study2,var2,hermes,glm-5.3-flash,14,True,0.7289102172799999,0.728834,0.724269,316,
study2,var2,hermes,glm-5.3-flash,17,True,0.744028208156,0.743815,0.720867,116,
study2,var2,hermes,glm-5.3-flash,15,True,0.726893724474,0.726921,0.722731,301,
study2,var2,hermes,glm-5.3-flash,19,True,0.74977475708,0.749788,0.726885,84,
study2,var2,hermes,glm-5.3-flash,18,True,0.7334744900960001,0.733513,0.721134,123,
study2,var2,hermes,glm-5.3-flash,20,True,0.7418650350439999,0.739889,0.723113,240,
study2,var2,hermes,glm-5.3-flash,21,True,0.754265570416,0.754267,0.731332,240,
study2,var2,hermes,glm-5.3-flash,22,True,0.741753545606,0.741764,0.724641,235,
study2,var2,hermes,glm-5.3-flash,25,True,0.7328341880539999,0.732834,0.720553,9,
study2,var2,hermes,glm-5.3-flash,24,True,0.7431483171919999,0.743930,0.726571,51,
study2,var2,hermes,glm-5.3-flash,23,True,0.734434647836,0.733655,0.725037,104,
study2,var2,hermes,glm-5.3-flash,16,True,0.737863436272,0.737674,0.729644,549,
study2,var3,hermes,glm-5.3-flash,28,True,0.721216576986,0.721133,0.723505,88,
study2,var3,hermes,glm-5.3-flash,29,False,0.8059005792039999,0.804405,0.757263,72,
study2,var2,hermes,glm-5.3-flash,26,True,0.731301163388,0.731685,0.727600,145,
study2,var3,hermes,glm-5.3-flash,30,True,0.721522168392,0.721984,0.723961,107,
study2,var3,hermes,glm-5.3-flash,27,False,0.711555991988,0.711423,0.712145,255,
study2,var3,hermes,glm-5.3-flash,32,True,0.751354663756,0.751109,0.726861,157,
study2,var3,hermes,glm-5.3-flash,31,True,0.745232004684,0.744606,0.728147,222,
study2,var3,hermes,glm-5.3-flash,33,True,0.74035107814,0.740090,0.721973,131,
study2,var3,hermes,glm-5.3-flash,34,True,0.727915112944,0.727836,0.726363,172,
study2,var3,hermes,glm-5.3-flash,38,True,0.7154643788780002,0.715464,0.717906,3,
study2,var3,hermes,glm-5.3-flash,35,True,0.745412672524,0.745421,0.725341,201,
study2,var3,hermes,glm-5.3-flash,37,True,0.7427963210640001,0.743405,0.731571,193,
study2,var4,hermes,glm-5.3-flash,40,True,0.747278223446,0.747299,0.716961,94,
study2,var3,hermes,glm-5.3-flash,36,False,0.785453706774,0.787521,0.736095,310,
study2,var4,hermes,glm-5.3-flash,43,True,0.7189069446659999,0.716870,0.711854,6,
study2,var3,hermes,glm-5.3-flash,39,True,0.738780621574,0.738571,0.735156,211,
study2,var4,hermes,glm-5.3-flash,45,True,0.741167560564,0.737974,0.727935,21,
study2,var4,hermes,glm-5.3-flash,41,True,0.7589738519139999,0.758979,0.733965,206,
study2,var4,hermes,glm-5.3-flash,42,True,0.7446055319639999,0.743452,0.733903,148,
study2,var4,hermes,glm-5.3-flash,47,True,0.7223570691360001,0.722413,0.724480,17,
study2,var4,hermes,glm-5.3-flash,44,False,0.8230873127639999,0.823131,0.756959,171,
study2,var4,hermes,glm-5.3-flash,46,True,0.74989035839,0.750141,0.729194,168,
study2,var4,hermes,glm-5.3-flash,48,True,0.7547551003340001,0.754247,0.722375,137,
study2,var4,hermes,glm-5.3-flash,50,True,0.742823205964,0.742631,0.722288,96,
study2,var1,opencode,deepseek-4.1-flash,1,True,0.726980927716,0.726822,0.728380,27,
study2,var4,hermes,glm-5.3-flash,49,False,0.8125037078820001,0.813018,0.745279,192,
study2,var4,hermes,glm-5.3-flash,52,True,0.7305548813779998,0.729967,0.712971,155,
study2,var4,hermes,glm-5.3-flash,51,True,0.754539189698,0.754471,0.730831,261,
study2,var1,opencode,deepseek-4.1-flash,2,True,0.750306058628,0.750626,0.733890,176,
study2,var1,opencode,deepseek-4.1-flash,3,True,0.7387756758380001,0.739012,0.722776,173,
study2,var1,opencode,deepseek-4.1-flash,7,True,0.751744967086,0.751568,0.717724,125,
study2,var1,opencode,deepseek-4.1-flash,4,True,0.746470244164,0.746515,0.718983,214,
study2,var1,opencode,deepseek-4.1-flash,6,True,0.7539260476880001,0.753905,0.727016,139,
study2,var1,opencode,deepseek-4.1-flash,5,True,0.753280052214,0.753321,0.730549,231,
study2,var1,opencode,deepseek-4.1-flash,10,True,0.745035015544,0.745032,0.724783,109,
study2,var1,opencode,deepseek-4.1-flash,8,True,0.750637754402,0.751059,0.738201,177,
study2,var1,opencode,deepseek-4.1-flash,9,True,0.7429800826119999,0.742798,0.728303,180,
study2,var1,opencode,deepseek-4.1-flash,13,True,0.741843073002,0.741509,0.727359,72,
study2,var1,opencode,deepseek-4.1-flash,11,True,0.750439689718,0.750569,0.725198,183,
study2,var2,opencode,deepseek-4.1-flash,14,True,0.7466206465240001,0.746544,0.726551,156,
study2,var2,opencode,deepseek-4.1-flash,15,True,0.7283863178699999,0.728242,0.728788,117,
study2,var1,opencode,deepseek-4.1-flash,12,True,0.746055222336,0.746302,0.725204,349,
study2,var2,opencode,deepseek-4.1-flash,17,True,0.7439576263100001,0.744167,0.737358,145,
study2,var2,opencode,deepseek-4.1-flash,16,True,0.7578078857299999,0.758119,0.731125,218,
study2,var2,opencode,deepseek-4.1-flash,19,True,0.737054242316,0.738420,0.732748,104,
study2,var2,opencode,deepseek-4.1-flash,18,True,0.736497930958,0.735987,0.732003,283,
study2,var2,opencode,deepseek-4.1-flash,20,True,0.752303934782,0.752294,0.723742,169,
study2,var2,opencode,deepseek-4.1-flash,21,True,0.735391344658,0.735694,0.724450,263,
study2,var2,opencode,deepseek-4.1-flash,24,True,0.739418073492,0.739733,0.722082,117,
study2,var2,opencode,deepseek-4.1-flash,23,True,0.744925408262,0.745037,0.735817,171,
study2,var2,opencode,deepseek-4.1-flash,25,True,0.73891413281,0.736706,0.722239,74,
study2,var2,opencode,deepseek-4.1-flash,22,True,0.7422174545760001,0.742303,0.714908,342,
study2,var3,opencode,deepseek-4.1-flash,29,True,0.72080400563,0.720804,0.723055,47,
study2,var2,opencode,deepseek-4.1-flash,26,True,0.7350595056260001,0.734981,0.719892,197,
study2,var3,opencode,deepseek-4.1-flash,28,True,0.748773260736,0.748243,0.728984,148,
study2,var3,opencode,deepseek-4.1-flash,30,True,0.7247706744239999,0.724690,0.727016,96,
study2,var3,opencode,deepseek-4.1-flash,27,True,0.744244082824,0.744877,0.732568,272,
study2,var3,opencode,deepseek-4.1-flash,34,True,0.7253812938680001,0.725229,0.723923,47,
study2,var3,opencode,deepseek-4.1-flash,33,True,0.7539765469220001,0.754363,0.734046,110,
study2,var3,opencode,deepseek-4.1-flash,35,True,0.7215341838279999,0.721443,0.724830,49,
study2,var3,opencode,deepseek-4.1-flash,32,True,0.7417829075960001,0.742030,0.730753,227,
study2,var3,opencode,deepseek-4.1-flash,31,True,0.738537416494,0.738921,0.708642,240,
study2,var3,opencode,deepseek-4.1-flash,36,True,0.7374129018519999,0.737348,0.728032,186,
study2,var4,opencode,deepseek-4.1-flash,40,True,0.719931705476,0.720128,0.722028,27,
study2,var3,opencode,deepseek-4.1-flash,38,True,0.73649407556,0.735260,0.729310,190,
study2,var4,opencode,deepseek-4.1-flash,41,True,0.738617303604,0.738612,0.730533,63,
study2,var3,opencode,deepseek-4.1-flash,39,True,0.747777616188,0.747199,0.734032,270,
study2,var3,opencode,deepseek-4.1-flash,37,True,0.733236286082,0.733677,0.725786,297,
study2,var4,opencode,deepseek-4.1-flash,43,True,0.739677857466,0.739860,0.719918,105,
study2,var4,opencode,deepseek-4.1-flash,45,True,0.74582388663,0.745046,0.722642,123,
study2,var4,opencode,deepseek-4.1-flash,44,True,0.748993578692,0.748991,0.736776,133,
study2,var4,opencode,deepseek-4.1-flash,48,True,0.7347855706140001,0.734150,0.732501,29,
study2,var4,opencode,deepseek-4.1-flash,46,True,0.7283398095340001,0.728354,0.722069,117,
study2,var4,opencode,deepseek-4.1-flash,42,True,0.747557612254,0.747512,0.723878,300,
study2,var4,opencode,deepseek-4.1-flash,51,True,0.7424048805900001,0.742148,0.726863,80,
study2,var4,opencode,deepseek-4.1-flash,47,True,0.727182010372,0.727095,0.729049,205,
study2,var4,opencode,deepseek-4.1-flash,50,True,0.74971406797,0.749728,0.735109,238,
study2,var4,opencode,deepseek-4.1-flash,52,True,0.7232484732840001,0.723230,0.726422,277,
study2,var1,opencode,glm-5.3-flash,1,True,0.751751832816,0.752108,0.717687,243,
study2,var1,opencode,glm-5.3-flash,2,True,0.7348505917879999,0.733829,0.722628,168,
study2,var1,opencode,glm-5.3-flash,4,True,0.754893828098,0.754900,0.731097,74,
study2,var4,opencode,deepseek-4.1-flash,49,True,0.73762425824,0.737756,0.730099,518,
study2,var1,opencode,glm-5.3-flash,5,True,0.7349439724860001,0.734959,0.713869,161,
study2,var1,opencode,glm-5.3-flash,3,True,0.732638602384,0.732439,0.712541,195,
study2,var1,opencode,glm-5.3-flash,6,True,0.7486125513179999,0.748815,0.729050,144,
study2,var1,opencode,glm-5.3-flash,8,True,0.7493263163799999,0.749184,0.716689,155,
study2,var1,opencode,glm-5.3-flash,7,True,0.748265182092,0.747322,0.731996,282,
study2,var1,opencode,glm-5.3-flash,10,True,0.7385365776,0.738893,0.727009,199,
study2,var1,opencode,glm-5.3-flash,9,True,0.7429399505259999,0.744020,0.735049,228,
study2,var2,opencode,glm-5.3-flash,14,True,0.723808198642,0.723573,0.725798,63,
study2,var1,opencode,glm-5.3-flash,12,True,0.726228977184,0.726140,0.726292,124,
study2,var1,opencode,glm-5.3-flash,11,True,0.748624026506,0.749340,0.730594,234,
study2,var1,opencode,glm-5.3-flash,13,True,0.7404809539499999,0.740373,0.720568,177,
study2,var2,opencode,glm-5.3-flash,17,True,0.734993604142,0.734050,0.723240,35,
study2,var2,opencode,glm-5.3-flash,16,True,0.73227017865,0.731885,0.704074,113,
study2,var2,opencode,glm-5.3-flash,15,True,0.74649152246,0.746258,0.725553,256,
study2,var2,opencode,glm-5.3-flash,20,True,0.751384072108,0.751268,0.732167,155,
study2,var2,opencode,glm-5.3-flash,19,True,0.737045130962,0.737101,0.729583,215,
study2,var2,opencode,glm-5.3-flash,18,True,0.752620288078,0.750459,0.733084,230,
study2,var2,opencode,glm-5.3-flash,21,True,0.725808682876,0.726075,0.724884,122,
study2,var2,opencode,glm-5.3-flash,25,True,0.717024537116,0.716178,0.719865,5,
study2,var2,opencode,glm-5.3-flash,24,True,0.743333918226,0.743067,0.722862,79,
study2,var2,opencode,glm-5.3-flash,22,True,0.736038058418,0.735863,0.728345,174,
study2,var2,opencode,glm-5.3-flash,23,False,0.829295190514,0.829553,0.766169,152,
study2,var3,opencode,glm-5.3-flash,27,True,0.729075796748,0.729076,0.728822,69,
study2,var3,opencode,glm-5.3-flash,30,True,0.742442784674,0.742717,0.728435,82,
study2,var2,opencode,glm-5.3-flash,26,True,0.7445854049480001,0.744440,0.723188,254,
study2,var3,opencode,glm-5.3-flash,28,True,0.72611472765,0.722589,0.710813,166,
study2,var3,opencode,glm-5.3-flash,33,True,0.759609318876,0.759657,0.728107,78,
study2,var3,opencode,glm-5.3-flash,29,True,0.7366131223179999,0.736651,0.729554,283,
study2,var3,opencode,glm-5.3-flash,32,True,0.7354113910919999,0.735411,0.724120,151,
study2,var3,opencode,glm-5.3-flash,34,True,0.7525451461740001,0.752420,0.729855,98,
study2,var3,opencode,glm-5.3-flash,31,True,0.753205363642,0.752826,0.722857,271,
study2,var3,opencode,glm-5.3-flash,36,True,0.731310972394,0.730664,0.727157,79,
study2,var3,opencode,glm-5.3-flash,35,True,0.742681523516,0.742669,0.732987,224,
study2,var3,opencode,glm-5.3-flash,37,True,0.7475961319039999,0.746773,0.724315,190,
study2,var3,opencode,glm-5.3-flash,39,True,0.7398533769240001,0.739828,0.725795,211,
study2,var3,opencode,glm-5.3-flash,38,True,0.743785399686,0.743156,0.733580,251,
study2,var4,opencode,glm-5.3-flash,40,True,0.7382091522040001,0.737440,0.732320,240,
study2,var4,opencode,glm-5.3-flash,41,True,0.7297915366000001,0.729612,0.725619,226,
study2,var4,opencode,glm-5.3-flash,43,True,0.7283249863460001,0.727899,0.728271,140,
study2,var4,opencode,glm-5.3-flash,42,True,0.7565166228219999,0.755251,0.735125,166,
study2,var4,opencode,glm-5.3-flash,45,True,0.7252400575760001,0.725028,0.724512,52,
study2,var4,opencode,glm-5.3-flash,44,True,0.739848640448,0.738573,0.725757,70,
study2,var4,opencode,glm-5.3-flash,49,True,0.732069193904,0.731186,0.727075,76,
study2,var4,opencode,glm-5.3-flash,48,True,0.729295309012,0.729300,0.723403,123,
study2,var4,opencode,glm-5.3-flash,47,True,0.747494669578,0.747495,0.724979,194,
study2,var4,opencode,glm-5.3-flash,46,True,0.741091684316,0.740115,0.724766,210,
study2,var4,opencode,glm-5.3-flash,52,True,0.7488187489860001,0.747514,0.726043,36,
study2,var1,pi,deepseek-4.1-flash,1,True,0.759014665142,0.758993,0.722618,84,
study2,var4,opencode,glm-5.3-flash,50,True,0.7444913629079999,0.743968,0.723761,201,
study2,var4,opencode,glm-5.3-flash,51,True,0.74017668181,0.739575,0.730811,189,
study2,var1,pi,deepseek-4.1-flash,2,True,0.744109547988,0.744110,0.723420,140,
study2,var1,pi,deepseek-4.1-flash,6,True,0.7458210981,0.745821,0.725273,75,
study2,var1,pi,deepseek-4.1-flash,5,True,0.7475904894600001,0.747413,0.735019,139,
study2,var1,pi,deepseek-4.1-flash,3,True,0.7571240242499999,0.756435,0.725399,241,
study2,var1,pi,deepseek-4.1-flash,4,True,0.739052051084,0.739055,0.726513,201,
study2,var1,pi,deepseek-4.1-flash,8,True,0.726938831048,0.726770,0.725234,94,
study2,var1,pi,deepseek-4.1-flash,10,True,0.758691274332,0.758865,0.732319,153,
study2,var1,pi,deepseek-4.1-flash,7,True,0.739722383986,0.739612,0.730084,243,
study2,var1,pi,deepseek-4.1-flash,12,True,0.7268372380020001,0.726453,0.726422,27,
study2,var1,pi,deepseek-4.1-flash,9,True,0.7242558456879999,0.724206,0.726085,199,
study2,var1,pi,deepseek-4.1-flash,11,True,0.7366468354360001,0.736648,0.723697,158,
study2,var2,pi,deepseek-4.1-flash,14,True,0.7435945529820001,0.745438,0.735192,147,
study2,var2,pi,deepseek-4.1-flash,15,True,0.736082858974,0.736199,0.723670,147,
study2,var2,pi,deepseek-4.1-flash,18,True,0.724433563524,0.723920,0.723897,29,
study2,var2,pi,deepseek-4.1-flash,16,True,0.7470504500780001,0.747030,0.727970,159,
study2,var1,pi,deepseek-4.1-flash,13,True,0.755763572356,0.755606,0.732070,244,
study2,var2,pi,deepseek-4.1-flash,19,True,0.7563015644479999,0.756108,0.719873,116,
study2,var2,pi,deepseek-4.1-flash,20,True,0.7393113662299999,0.739727,0.720979,134,
study2,var2,pi,deepseek-4.1-flash,17,True,0.756691069712,0.756363,0.737094,220,
study2,var2,pi,deepseek-4.1-flash,22,True,0.7640753347160001,0.763933,0.734363,142,
study2,var2,pi,deepseek-4.1-flash,21,True,0.7605702691439999,0.760256,0.725361,234,
study2,var2,pi,deepseek-4.1-flash,23,True,0.742833858438,0.741092,0.723484,144,
study2,var2,pi,deepseek-4.1-flash,24,True,0.731987816966,0.731717,0.721092,125,
study2,var2,pi,deepseek-4.1-flash,25,True,0.75813198723,0.757906,0.737834,212,
study2,var2,pi,deepseek-4.1-flash,26,True,0.7465971720979999,0.746678,0.706561,205,
study2,var3,pi,deepseek-4.1-flash,27,True,0.746209501524,0.747075,0.723861,251,
study2,var3,pi,deepseek-4.1-flash,29,True,0.72446775876,0.724463,0.724410,83,
study2,var3,pi,deepseek-4.1-flash,28,True,0.7529350013439999,0.752966,0.724736,277,
study2,var3,pi,deepseek-4.1-flash,30,True,0.7564078847159998,0.756240,0.729144,166,
study2,var3,pi,deepseek-4.1-flash,31,True,0.750933238334,0.751249,0.719781,116,
study2,var3,pi,deepseek-4.1-flash,34,True,0.733034939548,0.733386,0.721361,32,
study2,var3,pi,deepseek-4.1-flash,32,True,0.7502477343339999,0.749707,0.729153,128,
study2,var3,pi,deepseek-4.1-flash,35,True,0.7450628243940001,0.744125,0.732162,73,
study2,var3,pi,deepseek-4.1-flash,38,True,0.725632047828,0.725632,0.725093,13,
study2,var3,pi,deepseek-4.1-flash,37,True,0.7227182272920001,0.722759,0.724476,90,
study2,var3,pi,deepseek-4.1-flash,33,True,0.7567363173399999,0.756673,0.727909,218,
study2,var3,pi,deepseek-4.1-flash,36,True,0.761273795958,0.761130,0.729618,166,
study2,var3,pi,deepseek-4.1-flash,39,True,0.7605417501299999,0.759820,0.730753,160,
study2,var4,pi,deepseek-4.1-flash,43,True,0.7235173323440001,0.723689,0.725260,63,
study2,var4,pi,deepseek-4.1-flash,40,True,0.7566142940359999,0.757039,0.720590,206,
study2,var4,pi,deepseek-4.1-flash,41,True,0.7694962489799999,0.769531,0.728475,215,
study2,var4,pi,deepseek-4.1-flash,42,True,0.7423935184560001,0.742374,0.722361,184,
study2,var4,pi,deepseek-4.1-flash,44,True,0.749756000106,0.749889,0.723940,122,
study2,var4,pi,deepseek-4.1-flash,47,True,0.747008496278,0.747008,0.718464,80,
study2,var4,pi,deepseek-4.1-flash,45,True,0.7461324508720001,0.746088,0.732062,138,
study2,var4,pi,deepseek-4.1-flash,46,True,0.7398105754819999,0.739473,0.720578,226,
study2,var4,pi,deepseek-4.1-flash,50,True,0.76451057846,0.764386,0.732479,161,
study2,var4,pi,deepseek-4.1-flash,48,True,0.731757790878,0.732117,0.724921,240,
study2,var4,pi,deepseek-4.1-flash,51,True,0.744117653648,0.744115,0.726667,160,
study2,var4,pi,deepseek-4.1-flash,52,False,0.74204080766,0.741925,0.745288,165,
study2,var4,pi,deepseek-4.1-flash,49,True,0.752838159908,0.752334,0.722089,372,
study2,var1,pi,glm-5.3-flash,3,True,0.725857892404,0.725146,0.724517,103,
study2,var1,pi,glm-5.3-flash,1,True,0.729421826182,0.729743,0.716359,251,
study2,var1,pi,glm-5.3-flash,2,True,0.7269412587619999,0.726360,0.725976,251,
study2,var1,pi,glm-5.3-flash,4,True,0.746929053798,0.746809,0.734888,223,
study2,var1,pi,glm-5.3-flash,8,True,0.734776494958,0.734747,0.733135,87,
study2,var1,pi,glm-5.3-flash,7,True,0.738692308068,0.738711,0.730690,127,
study2,var1,pi,glm-5.3-flash,5,True,0.7355075997520001,0.735439,0.729380,282,
study2,var1,pi,glm-5.3-flash,6,True,0.741217059212,0.741167,0.731505,308,
study2,var1,pi,glm-5.3-flash,9,True,0.73641160609,0.736301,0.730395,120,
study2,var1,pi,glm-5.3-flash,10,True,0.7356993909199999,0.735798,0.722688,138,
study2,var1,pi,glm-5.3-flash,12,True,0.721319911688,0.721041,0.723872,81,
study2,var1,pi,glm-5.3-flash,13,True,0.7597404541660001,0.758518,0.738122,127,
study2,var2,pi,glm-5.3-flash,14,True,0.752863545776,0.752126,0.731474,205,
study2,var1,pi,glm-5.3-flash,11,True,0.753594121152,0.751182,0.733552,304,
study2,var2,pi,glm-5.3-flash,15,True,0.750144547892,0.750120,0.726904,199,
study2,var2,pi,glm-5.3-flash,16,True,0.743559732214,0.743015,0.720999,142,
study2,var2,pi,glm-5.3-flash,19,True,0.723579572092,0.723644,0.725580,29,
study2,var2,pi,glm-5.3-flash,17,True,0.739033098816,0.736497,0.727596,107,
study2,var2,pi,glm-5.3-flash,22,True,0.7185518639520001,0.718547,0.722412,20,
study2,var2,pi,glm-5.3-flash,18,True,0.732904754958,0.733616,0.729848,160,
study2,var2,pi,glm-5.3-flash,21,True,0.7424612145220001,0.740539,0.731784,160,
study2,var2,pi,glm-5.3-flash,20,True,0.738181341824,0.738334,0.734535,201,
study2,var2,pi,glm-5.3-flash,26,True,0.7181957604120001,0.717905,0.721542,37,
study2,var2,pi,glm-5.3-flash,25,True,0.7219991605760001,0.721804,0.724776,104,
study2,var2,pi,glm-5.3-flash,24,True,0.7493328372000001,0.749194,0.729862,226,
study2,var2,pi,glm-5.3-flash,23,True,0.7298402703320002,0.729661,0.709694,327,
study2,var3,pi,glm-5.3-flash,29,True,0.72649554758,0.726343,0.726877,89,
study2,var3,pi,glm-5.3-flash,28,True,0.7387094593479999,0.738569,0.723137,183,
study2,var3,pi,glm-5.3-flash,27,True,0.731051015672,0.731110,0.711696,268,
study2,var3,pi,glm-5.3-flash,30,True,0.7373692157980001,0.737697,0.724579,119,
study2,var3,pi,glm-5.3-flash,33,True,0.72714111663,0.726496,0.719160,39,
study2,var3,pi,glm-5.3-flash,31,True,0.74634555777,0.745705,0.728606,131,
study2,var3,pi,glm-5.3-flash,36,True,0.722021335912,0.722021,0.723350,35,
study2,var3,pi,glm-5.3-flash,32,True,0.7262771311160001,0.726180,0.717174,165,
study2,var3,pi,glm-5.3-flash,35,True,0.739236611566,0.739051,0.729756,96,
study2,var3,pi,glm-5.3-flash,34,True,0.746034162812,0.743509,0.729336,120,
study2,var3,pi,glm-5.3-flash,39,True,0.733102128294,0.732975,0.701521,155,
study2,var4,pi,glm-5.3-flash,40,True,0.72678318724,0.726613,0.726738,179,
study2,var3,pi,glm-5.3-flash,38,True,0.755516265166,0.755664,0.720126,219,
study2,var3,pi,glm-5.3-flash,37,True,0.719806775952,0.719807,0.723036,292,
study2,var4,pi,glm-5.3-flash,42,True,0.723187641802,0.723314,0.720616,80,
study2,var4,pi,glm-5.3-flash,41,True,0.732601664362,0.732587,0.728908,150,
study2,var4,pi,glm-5.3-flash,44,True,0.73586266311,0.735782,0.724163,71,
study2,var4,pi,glm-5.3-flash,46,True,0.7271542467200001,0.727453,0.728070,128,
study2,var4,pi,glm-5.3-flash,45,True,0.7374343631539999,0.737488,0.723589,182,
study2,var4,pi,glm-5.3-flash,43,True,0.74546078439,0.745040,0.728226,256,
study2,var4,pi,glm-5.3-flash,47,True,0.7494886751200001,0.749139,0.725521,249,
study2,var4,pi,glm-5.3-flash,49,True,0.729888300428,0.729975,0.728145,128,
study2,var4,pi,glm-5.3-flash,50,True,0.7408723870280001,0.740876,0.726720,128,
study2,var4,pi,glm-5.3-flash,51,True,0.735854861542,0.733424,0.727464,46,
study2,var4,pi,glm-5.3-flash,48,True,0.746019416622,0.745967,0.735988,243,
study2,var4,pi,glm-5.3-flash,52,True,0.748519044774,0.747835,0.730825,124,
study3,var5,hermes,glm-5.3,3,True,0.742748516942,0.742745,0.733744,73,
study3,var5,hermes,glm-5.3,2,True,0.752242817524,0.751536,0.730951,172,
study3,var5,hermes,glm-5.3,4,True,0.743368291164,0.743394,0.724556,207,
study3,var5,hermes,glm-5.3,5,True,0.7353006107519999,0.735052,0.723009,198,
study3,var5,hermes,glm-5.3,6,True,0.753724579952,0.753556,0.731095,180,
study3,var5,hermes,glm-5.3,1,False,0.794956404044,0.790575,0.748756,403,
study3,var5,hermes,glm-5.3,10,True,0.7535895298699999,0.753324,0.730734,33,
study3,var5,hermes,glm-5.3,7,True,0.745912737806,0.745771,0.725242,187,
study3,var5,hermes,glm-5.3,8,True,0.749250896558,0.748255,0.719476,193,
study3,var5,hermes,glm-5.3,9,True,0.729314216302,0.729378,0.727063,235,
study3,var5,hermes,glm-5.3,13,True,0.758726901396,0.758815,0.727632,77,
study3,var5,hermes,glm-5.3,11,True,0.751278536342,0.751352,0.717276,199,
study3,var6,hermes,glm-5.3,15,True,0.7218780930440001,0.721859,0.725481,36,
study3,var6,hermes,glm-5.3,14,True,0.734755531654,0.734682,0.724705,139,
study3,var5,hermes,glm-5.3,12,True,0.748407837982,0.745977,0.729889,271,
study3,var6,hermes,glm-5.3,19,True,0.714770751736,0.714771,0.717540,3,
study3,var6,hermes,glm-5.3,16,True,0.738175148092,0.738462,0.727332,142,
study3,var6,hermes,glm-5.3,21,True,0.738051822756,0.738052,0.716249,36,
study3,var6,hermes,glm-5.3,17,True,0.7558087726080001,0.756479,0.737358,217,
study3,var6,hermes,glm-5.3,20,False,0.726208612652,0.725730,0.717316,122,
study3,var6,hermes,glm-5.3,18,True,0.754196472366,0.754135,0.731435,184,
study3,var6,hermes,glm-5.3,23,True,0.758409465518,0.758263,0.727990,134,
study3,var6,hermes,glm-5.3,22,True,0.752740855854,0.752439,0.732821,207,
study3,var6,hermes,glm-5.3,24,True,0.7490491730720001,0.748873,0.729715,179,
study3,var7,hermes,glm-5.3,27,True,0.766160236356,0.765885,0.720065,69,
study3,var6,hermes,glm-5.3,25,True,0.7619845387500002,0.761805,0.733761,160,
study3,var7,hermes,glm-5.3,28,True,0.7420951656139999,0.742553,0.701985,98,
study3,var6,hermes,glm-5.3,26,False,0.8343701363399999,0.833443,0.761595,175,
study3,var7,hermes,glm-5.3,29,True,0.74182299605,0.741949,0.733848,116,
study3,var7,hermes,glm-5.3,31,True,0.727257918576,0.727378,0.722556,91,
study3,var7,hermes,glm-5.3,30,True,0.7459945777539999,0.746056,0.722336,192,
study3,var7,hermes,glm-5.3,32,True,0.739607294736,0.739569,0.726737,187,
study3,var7,hermes,glm-5.3,35,True,0.756004631206,0.754513,0.728939,94,
study3,var7,hermes,glm-5.3,33,True,0.742026838418,0.741979,0.730713,191,
study3,var7,hermes,glm-5.3,38,True,0.7438819639559999,0.743819,0.733401,51,
study3,var7,hermes,glm-5.3,34,True,0.739682325368,0.739697,0.732776,192,
study3,var7,hermes,glm-5.3,36,True,0.7469416773600001,0.746975,0.727557,140,
study3,var7,hermes,glm-5.3,37,True,0.73743543152,0.737137,0.727289,133,
study3,var7,hermes,glm-5.3,39,False,0.801068092862,0.801072,0.745546,143,
study3,var8,hermes,glm-5.3,41,True,0.7349496458620001,0.734950,0.730364,84,
study3,var8,hermes,glm-5.3,44,True,0.722392662308,0.722456,0.722909,73,
study3,var8,hermes,glm-5.3,45,True,0.717766742326,0.717767,0.721480,4,
study3,var8,hermes,glm-5.3,40,True,0.7570962345,0.756588,0.732594,223,
study3,var8,hermes,glm-5.3,43,True,0.7600165883680001,0.760108,0.730946,154,
study3,var8,hermes,glm-5.3,42,True,0.7460883859459999,0.744785,0.721567,284,
study3,var8,hermes,glm-5.3,47,False,0.8087473645619999,0.808914,0.799721,166,
study3,var8,hermes,glm-5.3,50,True,0.7359178403559999,0.734767,0.724495,45,
study3,var8,hermes,glm-5.3,49,True,0.752742447006,0.752742,0.737996,119,
study3,var8,hermes,glm-5.3,46,True,0.748760061556,0.749340,0.731450,256,
study3,var8,hermes,glm-5.3,48,True,0.74546853892,0.744700,0.727664,255,
study3,var5,opencode,glm-5.3,1,True,0.7489460531359999,0.749464,0.731657,77,
study3,var8,hermes,glm-5.3,52,True,0.74573906199,0.746002,0.731385,148,
study3,var5,opencode,glm-5.3,2,True,0.736685753648,0.736427,0.727415,128,
study3,var8,hermes,glm-5.3,51,True,0.757444538376,0.757451,0.724541,240,
study3,var5,opencode,glm-5.3,3,True,0.758153259938,0.757610,0.741283,238,
study3,var5,opencode,glm-5.3,4,True,0.751806282696,0.751535,0.733999,199,
study3,var5,opencode,glm-5.3,5,True,0.7646404202279999,0.764640,0.731669,169,
study3,var5,opencode,glm-5.3,7,True,0.7321349836339999,0.732227,0.731871,63,
study3,var5,opencode,glm-5.3,10,True,0.7427618397339999,0.738202,0.709335,58,
study3,var5,opencode,glm-5.3,9,True,0.729414917108,0.729554,0.726878,101,
study3,var5,opencode,glm-5.3,6,True,0.75069864895,0.749814,0.734238,292,
study3,var5,opencode,glm-5.3,13,True,0.7381834071940001,0.737618,0.722926,81,
study3,var5,opencode,glm-5.3,8,True,0.7563040518399999,0.756503,0.729061,237,
study3,var6,opencode,glm-5.3,15,True,0.7515297982739999,0.750449,0.715597,155,
study3,var5,opencode,glm-5.3,11,True,0.742533957884,0.742507,0.724745,302,
study3,var6,opencode,glm-5.3,14,True,0.7415943882620001,0.741370,0.735810,207,
study3,var6,opencode,glm-5.3,16,True,0.744160720704,0.744329,0.721851,69,
study3,var6,opencode,glm-5.3,17,True,0.747103883578,0.747044,0.726501,100,
study3,var6,opencode,glm-5.3,18,True,0.7630170065899999,0.763126,0.732828,132,
study3,var5,opencode,glm-5.3,12,True,0.75752721126,0.757480,0.731599,503,
study3,var6,opencode,glm-5.3,21,True,0.749518358304,0.749226,0.728140,75,
study3,var6,opencode,glm-5.3,19,True,0.744666522746,0.745065,0.713782,274,
study3,var6,opencode,glm-5.3,20,True,0.7258800165279999,0.725364,0.725690,235,
study3,var6,opencode,glm-5.3,22,True,0.7341320553940001,0.734996,0.727187,274,
study3,var6,opencode,glm-5.3,23,True,0.744343412542,0.744452,0.726263,280,
study3,var6,opencode,glm-5.3,24,True,0.74872205324,0.748493,0.732949,200,
study3,var6,opencode,glm-5.3,25,True,0.748389149882,0.748370,0.706922,210,
study3,var6,opencode,glm-5.3,26,True,0.73702892714,0.737175,0.732697,126,
study3,var7,opencode,glm-5.3,28,True,0.757209836398,0.757421,0.726381,129,
study3,var7,opencode,glm-5.3,27,True,0.760182748864,0.759580,0.729063,169,
study3,var7,opencode,glm-5.3,29,True,0.7457156477419999,0.746070,0.725231,160,
study3,var7,opencode,glm-5.3,30,True,0.7331988176839999,0.733112,0.728686,96,
study3,var7,opencode,glm-5.3,33,True,0.747537363044,0.747307,0.729734,109,
study3,var7,opencode,glm-5.3,31,True,0.7564429110439999,0.755450,0.728608,201,
study3,var7,opencode,glm-5.3,34,True,0.744253398592,0.744169,0.729947,162,
study3,var7,opencode,glm-5.3,36,True,0.727776344782,0.727568,0.727419,81,
study3,var7,opencode,glm-5.3,35,True,0.742330724354,0.741927,0.725470,203,
study3,var7,opencode,glm-5.3,37,True,0.744380326754,0.744567,0.723088,159,
study3,var7,opencode,glm-5.3,38,True,0.7481555645260001,0.748333,0.726195,129,
study3,var7,opencode,glm-5.3,32,True,0.7587774378600001,0.758468,0.726146,399,
study3,var7,opencode,glm-5.3,39,True,0.745541382706,0.745327,0.732304,132,
study3,var8,opencode,glm-5.3,41,True,0.760126903822,0.760173,0.728738,119,
study3,var8,opencode,glm-5.3,45,True,0.7362924258800001,0.736028,0.730821,51,
study3,var8,opencode,glm-5.3,40,True,0.740915709192,0.740565,0.728651,234,
study3,var8,opencode,glm-5.3,46,True,0.72477598859,0.724928,0.727574,54,
study3,var8,opencode,glm-5.3,44,True,0.752255569568,0.752337,0.728744,162,
study3,var8,opencode,glm-5.3,43,True,0.74633795664,0.746132,0.734056,255,
study3,var8,opencode,glm-5.3,49,True,0.721361016182,0.721400,0.722409,101,
study3,var8,opencode,glm-5.3,47,False,0.8388957659919999,0.837260,0.823494,170,
study3,var8,opencode,glm-5.3,51,True,0.728141607172,0.728122,0.726772,89,
study3,var8,opencode,glm-5.3,52,True,0.758001905104,0.758380,0.739183,150,
study3,var5,pi,glm-5.3,1,True,0.7458055917440001,0.745326,0.730904,140,
study3,var8,opencode,glm-5.3,50,True,0.754405278576,0.754245,0.721626,292,
study3,var8,opencode,glm-5.3,48,True,0.751156247308,0.750427,0.730909,358,
study3,var5,pi,glm-5.3,5,True,0.7348484446519999,0.734699,0.726543,35,
study3,var5,pi,glm-5.3,4,False,0.7414888022399999,0.741653,0.731129,84,
study3,var5,pi,glm-5.3,2,True,0.739022200268,0.738969,0.730401,148,
study3,var5,pi,glm-5.3,7,True,0.757854773604,0.757923,0.730614,40,
study3,var5,pi,glm-5.3,8,True,0.7359526388580001,0.735270,0.714341,114,
study3,var5,pi,glm-5.3,3,True,0.7559560714159999,0.755773,0.725542,241,
study3,var5,pi,glm-5.3,9,True,0.7358520393179999,0.735852,0.733623,123,
study3,var5,pi,glm-5.3,6,True,0.752502496236,0.751844,0.736971,306,
study3,var5,pi,glm-5.3,12,True,0.758454193054,0.756067,0.733644,144,
study3,var5,pi,glm-5.3,11,True,0.7486469464680001,0.748734,0.729310,167,
study3,var5,pi,glm-5.3,10,True,0.7614787955419999,0.761434,0.736923,268,
study3,var5,pi,glm-5.3,13,True,0.726839268878,0.727316,0.724624,143,
study3,var6,pi,glm-5.3,14,True,0.7586044203100001,0.758952,0.736378,126,
study3,var6,pi,glm-5.3,17,True,0.7506316358279999,0.750734,0.736102,90,
study3,var6,pi,glm-5.3,18,True,0.759651808378,0.759234,0.735219,107,
study3,var6,pi,glm-5.3,16,True,0.7396344035419999,0.739297,0.721838,199,
study3,var6,pi,glm-5.3,19,True,0.763747948184,0.763781,0.727352,102,
study3,var6,pi,glm-5.3,15,True,0.753063695444,0.750954,0.733773,291,
study3,var6,pi,glm-5.3,20,True,0.7594253994419999,0.759018,0.736319,123,
study3,var6,pi,glm-5.3,23,True,0.7449632257100001,0.744638,0.729988,107,
study3,var6,pi,glm-5.3,24,True,0.7626446195540001,0.762750,0.724477,121,
study3,var6,pi,glm-5.3,22,True,0.758784911956,0.758295,0.734269,189,
study3,var6,pi,glm-5.3,21,True,0.745904790852,0.745722,0.736483,212,
study3,var6,pi,glm-5.3,25,True,0.763025823178,0.762150,0.740789,199,
study3,var6,pi,glm-5.3,26,True,0.7635668448619999,0.763530,0.731830,158,
study3,var7,pi,glm-5.3,27,True,0.7633343995059999,0.763561,0.732733,156,
study3,var7,pi,glm-5.3,28,True,0.7648202704659999,0.764336,0.736538,169,
study3,var7,pi,glm-5.3,33,True,0.74360758878,0.743507,0.716322,64,
study3,var7,pi,glm-5.3,31,True,0.75916833991,0.758902,0.728213,197,
study3,var7,pi,glm-5.3,29,True,0.7606335167680001,0.759889,0.727257,261,
study3,var7,pi,glm-5.3,35,False,0.803491783746,0.803479,0.771267,140,
study3,var7,pi,glm-5.3,30,True,0.755678448686,0.753497,0.735801,305,
study3,var7,pi,glm-5.3,37,True,0.750713381256,0.750178,0.735635,146,
study3,var7,pi,glm-5.3,36,True,0.7589018696659999,0.758864,0.733300,211,
study3,var8,pi,glm-5.3,43,True,0.714770751736,0.714771,0.717540,3,
study3,var7,pi,glm-5.3,39,True,0.7559359515399999,0.756583,0.728539,155,
study3,var7,pi,glm-5.3,38,True,0.755418368084,0.755591,0.726630,189,
study3,var8,pi,glm-5.3,42,True,0.7462703675060001,0.746270,0.733163,140,
study3,var8,pi,glm-5.3,44,True,0.7470225618640001,0.747017,0.735284,233,
study3,var8,pi,glm-5.3,46,True,0.7563980703719999,0.756395,0.729471,226,
study3,var8,pi,glm-5.3,45,True,0.736936498154,0.736271,0.727266,271,
study3,var8,pi,glm-5.3,47,True,0.75764534775,0.757761,0.712647,220,
study3,var8,pi,glm-5.3,49,True,0.738428574576,0.739027,0.727471,192,
study3,var8,pi,glm-5.3,48,True,0.748565067296,0.748567,0.727817,264,
study3,var8,pi,glm-5.3,50,True,0.761655087818,0.761405,0.732330,231,
study3,var8,pi,glm-5.3,51,True,0.755919131108,0.756742,0.731341,239,
study3,var8,pi,glm-5.3,52,True,0.7529543828219999,0.752004,0.731157,104,
study3,var7,pi,glm-5.3,34,True,0.748093889522,0.748157,0.733799,130,
